lon,lat,lampID,lampStatus
108.886955,34.288118,01010300010001,0
108.88701,34.288381,01010300010003,0
108.887065,34.288645,01010300010005,0
108.887121,34.288908,01010300010007,0
108.887176,34.289172,01010300010009,0
108.887232,34.289435,01010300010011,0
108.887287,34.289698,01010300010013,0
108.887343,34.289962,01010300010015,0
108.887398,34.290225,01010300010017,0
108.887454,34.290488,01010300010019,0
108.88751,34.290752,01010300010021,0
108.887566,34.291015,01010300010023,0
108.887621,34.291279,01010300010025,0
108.887677,34.291542,01010300010027,0
108.887735,34.291805,01010300010029,0
108.887792,34.292068,01010300010031,0
108.88785,34.292331,01010300010033,0
108.887907,34.292594,01010300010035,0
108.887964,34.292857,01010300010037,0
108.888022,34.29312,01010300010039,0
108.888079,34.293383,01010300010041,0
108.888137,34.293646,01010300010043,0
108.888212,34.293904,01010300010045,0
108.888291,34.294162,01010300010047,0
108.888369,34.294419,01010300010049,0
108.88845,34.294676,01010300010051,0
108.888553,34.294925,01010300010053,0
108.888656,34.295173,01010300010055,0
108.888759,34.295422,01010300010057,0
108.888881,34.295659,01010300010059,0
108.889048,34.295871,01010300010061,0
108.889216,34.296082,01010300010063,0
108.889404,34.296271,01010300010065,0
108.889617,34.296435,01010300010067,0
108.889831,34.296597,01010300010069,0
108.890047,34.296758,01010300010071,0
108.890263,34.296919,01010300010073,0
108.890498,34.297045,01010300010075,0
108.890742,34.297159,01010300010077,0
108.890986,34.297273,01010300010079,0
108.891235,34.297369,01010300010081,0
108.891497,34.297429,01010300010083,0
108.891759,34.297489,01010300010085,0
108.892021,34.297548,01010300010087,0
108.892289,34.297559,01010300010089,0
108.892557,34.297561,01010300010091,0
108.892826,34.297563,01010300010093,0
108.893095,34.297565,01010300010095,0
108.893364,34.297567,01010300010097,0
108.893632,34.297569,01010300010099,0
108.893901,34.297571,01010300010101,0
108.89417,34.297573,01010300010103,0
108.894439,34.297575,01010300010105,0
108.894707,34.297576,01010300010107,0
108.894976,34.297578,01010300010109,0
108.895245,34.29758,01010300010111,0
108.895514,34.297581,01010300010113,0
108.895783,34.297582,01010300010115,0
108.896052,34.297584,01010300010117,0
108.896321,34.297585,01010300010119,0
108.89659,34.297586,01010300010121,0
108.896859,34.297587,01010300010123,0
108.897127,34.297588,01010300010125,0
108.897396,34.297589,01010300010127,0
108.897665,34.29759,01010300010129,0
108.897934,34.297591,01010300010131,0
108.898203,34.297592,01010300010133,0
108.898473,34.297592,01010300010135,0
108.898742,34.297593,01010300010137,0
108.899011,34.297594,01010300010139,0
108.899279,34.2976,01010300010141,0
108.899547,34.297613,01010300010143,0
108.899816,34.297626,01010300010145,0
108.900085,34.297638,01010300010147,0
108.900354,34.297651,01010300010149,0
108.900623,34.297664,01010300010151,0
108.900891,34.297676,01010300010153,0
108.90116,34.297689,01010300010155,0
108.901429,34.297703,01010300010157,0
108.901697,34.297724,01010300010159,0
108.901965,34.297746,01010300010161,0
108.902234,34.297768,01010300010163,0
108.902502,34.297789,01010300010165,0
108.90277,34.297811,01010300010167,0
108.903038,34.297832,01010300010169,0
108.903307,34.297854,01010300010171,0
108.903575,34.297875,01010300010173,0
108.903843,34.297896,01010300010175,0
108.904112,34.297917,01010300010177,0
108.90438,34.297939,01010300010179,0
108.904649,34.29796,01010300010181,0
108.904917,34.297981,01010300010183,0
108.905185,34.298002,01010300010185,0
108.905454,34.298023,01010300010187,0
108.905722,34.298043,01010300010189,0
108.905991,34.298064,01010300010191,0
108.906259,34.298085,01010300010193,0
108.906528,34.298106,01010300010195,0
108.906796,34.298126,01010300010197,0
108.907064,34.298147,01010300010199,0
108.907333,34.298167,01010300010201,0
108.907602,34.298188,01010300010203,0
108.90787,34.298208,01010300010205,0
108.908138,34.298228,01010300010207,0
108.908407,34.298244,01010300010209,0
108.908676,34.29826,01010300010211,0
108.908945,34.298275,01010300010213,0
108.909214,34.298291,01010300010215,0
108.909483,34.298307,01010300010217,0
108.909752,34.298322,01010300010219,0
108.910021,34.298338,01010300010221,0
108.91029,34.298353,01010300010223,0
108.910559,34.298368,01010300010225,0
108.910828,34.298384,01010300010227,0
108.911097,34.298399,01010300010229,0
108.911366,34.298414,01010300010231,0
108.911635,34.29843,01010300010233,0
108.911904,34.298445,01010300010235,0
108.912173,34.29846,01010300010237,0
108.912442,34.298475,01010300010239,0
108.912711,34.29849,01010300010241,0
108.91298,34.298505,01010300010243,0
108.913248,34.298523,01010300010245,0
108.913506,34.298598,01010300010247,0
108.913764,34.298673,01010300010249,0
108.914021,34.29875,01010300010251,0
108.914252,34.298885,01010300010253,0
108.914483,34.29902,01010300010255,0
108.914715,34.299154,01010300010257,0
108.91494,34.299296,01010300010259,0
108.915109,34.299503,01010300010261,0
108.915278,34.29971,01010300010263,0
108.915447,34.299917,01010300010265,0
108.915566,34.30015,01010300010267,0
108.915649,34.300405,01010300010269,0
108.915732,34.300659,01010300010271,0
108.91577,34.300923,01010300010273,0
108.915789,34.301191,01010300010275,0
108.915807,34.301459,01010300010277,0
108.915826,34.301727,01010300010279,0
108.915844,34.301994,01010300010281,0
108.915863,34.302262,01010300010283,0
108.915882,34.30253,01010300010285,0
108.9159,34.302798,01010300010287,0
108.915919,34.303066,01010300010289,0
108.915937,34.303334,01010300010291,0
108.915956,34.303602,01010300010293,0
108.915974,34.30387,01010300010295,0
108.915993,34.304138,01010300010297,0
108.916012,34.304405,01010300010299,0
108.91603,34.304673,01010300010301,0
108.916049,34.304941,01010300010303,0
108.916067,34.305209,01010300010305,0
108.916086,34.305477,01010300010307,0
108.916104,34.305745,01010300010309,0
108.916123,34.306013,01010300010311,0
108.916141,34.306281,01010300010313,0
108.91616,34.306548,01010300010315,0
108.916178,34.306816,01010300010317,0
108.916196,34.307084,01010300010319,0
108.916214,34.307352,01010300010321,0
108.916232,34.30762,01010300010323,0
108.91625,34.307888,01010300010325,0
108.916268,34.308156,01010300010327,0
108.916286,34.308424,01010300010329,0
108.916304,34.308691,01010300010331,0
108.916322,34.308959,01010300010333,0
108.916361,34.309223,01010300010335,0
108.916429,34.309482,01010300010337,0
108.916498,34.30974,01010300010339,0
108.916631,34.309971,01010300010341,0
108.916765,34.310202,01010300010343,0
108.9169,34.310433,01010300010345,0
108.917081,34.310625,01010300010347,0
108.917277,34.310806,01010300010349,0
108.917485,34.310971,01010300010351,0
108.917712,34.311112,01010300010353,0
108.917939,34.311253,01010300010355,0
108.918189,34.311348,01010300010357,0
108.918441,34.311442,01010300010359,0
108.918692,34.311532,01010300010361,0
108.918958,34.311572,01010300010363,0
108.919224,34.311612,01010300010365,0
108.919492,34.311633,01010300010367,0
108.919761,34.311639,01010300010369,0
108.920031,34.311644,01010300010371,0
108.920301,34.31165,01010300010373,0
108.92057,34.311655,01010300010375,0
108.92084,34.311661,01010300010377,0
108.92111,34.311666,01010300010379,0
108.921379,34.311672,01010300010381,0
108.921649,34.311677,01010300010383,0
108.921919,34.311683,01010300010385,0
108.922188,34.311688,01010300010387,0
108.922458,34.311693,01010300010389,0
108.922727,34.311696,01010300010391,0
108.922997,34.311696,01010300010393,0
108.923267,34.311697,01010300010395,0
108.923537,34.311697,01010300010397,0
108.923807,34.311698,01010300010399,0
108.924076,34.311698,01010300010401,0
108.924346,34.311699,01010300010403,0
108.924616,34.311699,01010300010405,0
108.924886,34.311699,01010300010407,0
108.925156,34.3117,01010300010409,0
108.925425,34.3117,01010300010411,0
108.925695,34.311701,01010300010413,0
108.925965,34.311701,01010300010415,0
108.926235,34.311701,01010300010417,0
108.926505,34.311702,01010300010419,0
108.926774,34.311702,01010300010421,0
108.927044,34.311703,01010300010423,0
108.927314,34.311703,01010300010425,0
108.927584,34.311703,01010300010427,0
108.927854,34.311704,01010300010429,0
108.928123,34.311704,01010300010431,0
108.928393,34.311705,01010300010433,0
108.928663,34.311705,01010300010435,0
108.928933,34.311706,01010300010437,0
108.929202,34.311706,01010300010439,0
108.929472,34.311706,01010300010441,0
108.929742,34.311707,01010300010443,0
108.930011,34.311707,01010300010445,0
108.930281,34.311708,01010300010447,0
108.930551,34.311708,01010300010449,0
108.930821,34.311709,01010300010451,0
108.93109,34.311709,01010300010453,0
108.93136,34.31171,01010300010455,0
108.93163,34.31171,01010300010457,0
108.931899,34.311711,01010300010459,0
108.932169,34.311712,01010300010461,0
108.932438,34.311712,01010300010463,0
108.932708,34.311713,01010300010465,0
108.932978,34.311714,01010300010467,0
108.933247,34.311714,01010300010469,0
108.933516,34.311713,01010300010471,0
108.933786,34.311711,01010300010473,0
108.934055,34.31171,01010300010475,0
108.934325,34.311708,01010300010477,0
108.934594,34.311706,01010300010479,0
108.934864,34.311705,01010300010481,0
108.935133,34.311703,01010300010483,0
108.935403,34.311702,01010300010485,0
108.935672,34.3117,01010300010487,0
108.935942,34.311699,01010300010489,0
108.936211,34.311698,01010300010491,0
108.936481,34.311696,01010300010493,0
108.93675,34.311695,01010300010495,0
108.93702,34.311694,01010300010497,0
108.937289,34.311692,01010300010499,0
108.937559,34.311691,01010300010501,0
108.937828,34.31169,01010300010503,0
108.938097,34.311689,01010300010505,0
108.938367,34.311688,01010300010507,0
108.938636,34.311687,01010300010509,0
108.938905,34.311686,01010300010511,0
108.939175,34.311685,01010300010513,0
108.939444,34.311684,01010300010515,0
108.939713,34.311683,01010300010517,0
108.939982,34.311682,01010300010519,0
108.940252,34.311681,01010300010521,0
108.940521,34.31168,01010300010523,0
108.94079,34.311679,01010300010525,0
108.941059,34.311679,01010300010527,0
108.941328,34.311678,01010300010529,0
108.941598,34.311677,01010300010531,0
108.941867,34.311677,01010300010533,0
108.942136,34.311676,01010300010535,0
108.942405,34.311676,01010300010537,0
108.942674,34.311675,01010300010539,0
108.942943,34.311675,01010300010541,0
108.943212,34.311675,01010300010543,0
108.943481,34.311674,01010300010545,0
108.94375,34.311674,01010300010547,0
108.944019,34.311674,01010300010549,0
108.944288,34.311674,01010300010551,0
108.944557,34.311674,01010300010553,0
108.944826,34.311674,01010300010555,0
108.945095,34.311674,01010300010557,0
108.945364,34.311674,01010300010559,0
108.945633,34.311674,01010300010561,0
108.945901,34.311674,01010300010563,0
108.94617,34.311674,01010300010565,0
108.946439,34.311675,01010300010567,0
108.946708,34.311675,01010300010569,0
108.946977,34.311676,01010300010571,0
108.947245,34.311676,01010300010573,0
108.947514,34.311676,01010300010575,0
108.947783,34.311677,01010300010577,0
108.948051,34.311678,01010300010579,0
108.94832,34.311678,01010300010581,0
108.948589,34.311679,01010300010583,0
108.948857,34.31168,01010300010585,0
108.949126,34.311681,01010300010587,0
108.949394,34.31168,01010300010589,0
108.949663,34.311678,01010300010591,0
108.949931,34.311677,01010300010593,0
108.9502,34.311675,01010300010595,0
108.950468,34.311674,01010300010597,0
108.950737,34.311673,01010300010599,0
108.951005,34.311672,01010300010601,0
108.951274,34.31167,01010300010603,0
108.951542,34.311669,01010300010605,0
108.95181,34.311668,01010300010607,0
108.952079,34.311667,01010300010609,0
108.952347,34.311666,01010300010611,0
108.952615,34.311665,01010300010613,0
108.952884,34.311665,01010300010615,0
108.953152,34.311664,01010300010617,0
108.95342,34.311663,01010300010619,0
108.953688,34.311662,01010300010621,0
108.953956,34.311662,01010300010623,0
108.954225,34.311661,01010300010625,0
108.954493,34.311661,01010300010627,0
108.954761,34.311661,01010300010629,0
108.955029,34.31166,01010300010631,0
108.955297,34.31166,01010300010633,0
108.955565,34.31166,01010300010635,0
108.955833,34.31166,01010300010637,0
108.956101,34.31166,01010300010639,0
108.956369,34.31166,01010300010641,0
108.956637,34.31166,01010300010643,0
108.956905,34.31166,01010300010645,0
108.957173,34.31166,01010300010647,0
108.957441,34.31166,01010300010649,0
108.957709,34.311661,01010300010651,0
108.957976,34.311661,01010300010653,0
108.958244,34.311661,01010300010655,0
108.958512,34.311662,01010300010657,0
108.95878,34.311662,01010300010659,0
108.959048,34.311663,01010300010661,0
108.959315,34.311664,01010300010663,0
108.959583,34.311665,01010300010665,0
108.959851,34.311665,01010300010667,0
108.960117,34.311664,01010300010669,0
108.960385,34.311662,01010300010671,0
108.960653,34.31166,01010300010673,0
108.96092,34.311658,01010300010675,0
108.961188,34.311656,01010300010677,0
108.961455,34.311654,01010300010679,0
108.961723,34.311653,01010300010681,0
108.96199,34.311651,01010300010683,0
108.962258,34.311649,01010300010685,0
108.962525,34.311648,01010300010687,0
108.962793,34.311646,01010300010689,0
108.96306,34.311645,01010300010691,0
108.963327,34.311643,01010300010693,0
108.963595,34.311642,01010300010695,0
108.963862,34.311641,01010300010697,0
108.96413,34.31164,01010300010699,0
108.964397,34.311638,01010300010701,0
108.964664,34.311637,01010300010703,0
108.964931,34.311636,01010300010705,0
108.965199,34.311635,01010300010707,0
108.965466,34.311634,01010300010709,0
108.965733,34.311633,01010300010711,0
108.966,34.311633,01010300010713,0
108.966267,34.311632,01010300010715,0
108.966535,34.311631,01010300010717,0
108.966802,34.31163,01010300010719,0
108.967069,34.31163,01010300010721,0
108.967336,34.311629,01010300010723,0
108.967603,34.311629,01010300010725,0
108.96787,34.311628,01010300010727,0
108.968137,34.311628,01010300010729,0
108.968404,34.311627,01010300010731,0
108.968671,34.311627,01010300010733,0
108.968938,34.311627,01010300010735,0
108.969205,34.311627,01010300010737,0
108.969472,34.311626,01010300010739,0
108.969739,34.311626,01010300010741,0
108.970006,34.311626,01010300010743,0
108.970273,34.311626,01010300010745,0
108.97054,34.311626,01010300010747,0
108.970807,34.311626,01010300010749,0
108.971073,34.311627,01010300010751,0
108.97134,34.311628,01010300010753,0
108.971607,34.31163,01010300010755,0
108.971873,34.311632,01010300010757,0
108.97214,34.311633,01010300010759,0
108.972407,34.311635,01010300010761,0
108.972674,34.311637,01010300010763,0
108.972941,34.311638,01010300010765,0
108.973207,34.31164,01010300010767,0
108.973474,34.311642,01010300010769,0
108.973741,34.311644,01010300010771,0
108.974007,34.311646,01010300010773,0
108.974274,34.311648,01010300010775,0
108.974541,34.31165,01010300010777,0
108.974808,34.311652,01010300010779,0
108.975074,34.311654,01010300010781,0
108.975341,34.311656,01010300010783,0
108.975607,34.311658,01010300010785,0
108.975874,34.31166,01010300010787,0
108.976141,34.311662,01010300010789,0
108.976407,34.311664,01010300010791,0
108.976674,34.311667,01010300010793,0
108.97694,34.311669,01010300010795,0
108.977207,34.311671,01010300010797,0
108.977474,34.311674,01010300010799,0
108.97774,34.311676,01010300010801,0
108.978007,34.311678,01010300010803,0
108.978273,34.311681,01010300010805,0
108.97854,34.311683,01010300010807,0
108.978806,34.311685,01010300010809,0
108.979073,34.311688,01010300010811,0
108.979339,34.31169,01010300010813,0
108.979606,34.311693,01010300010815,0
108.979871,34.311696,01010300010817,0
108.980138,34.311701,01010300010819,0
108.980404,34.311706,01010300010821,0
108.980671,34.311711,01010300010823,0
108.980937,34.311716,01010300010825,0
108.981204,34.311721,01010300010827,0
108.98147,34.311726,01010300010829,0
108.981737,34.311731,01010300010831,0
108.982003,34.311737,01010300010833,0
108.982269,34.311742,01010300010835,0
108.982536,34.311747,01010300010837,0
108.982802,34.311752,01010300010839,0
108.983069,34.311757,01010300010841,0
108.983335,34.311763,01010300010843,0
108.983602,34.311768,01010300010845,0
108.983868,34.311773,01010300010847,0
108.984134,34.311778,01010300010849,0
108.984401,34.311783,01010300010851,0
108.984667,34.311789,01010300010853,0
108.984933,34.311797,01010300010855,0
108.985199,34.311814,01010300010857,0
108.985465,34.311831,01010300010859,0
108.985731,34.311848,01010300010861,0
108.985994,34.311888,01010300010863,0
108.986258,34.311929,01010300010865,0
108.986523,34.311949,01010300010867,0
108.986789,34.311968,01010300010869,0
108.987055,34.311978,01010300010871,0
108.987321,34.311986,01010300010873,0
108.987588,34.311995,01010300010875,0
108.987854,34.312004,01010300010877,0
108.98812,34.312013,01010300010879,0
108.988387,34.312022,01010300010881,0
108.988653,34.312031,01010300010883,0
108.988919,34.31204,01010300010885,0
108.989186,34.312049,01010300010887,0
108.989452,34.312058,01010300010889,0
108.989719,34.312066,01010300010891,0
108.989985,34.312075,01010300010893,0
108.990251,34.312084,01010300010895,0
108.990518,34.312093,01010300010897,0
108.990784,34.312102,01010300010899,0
108.887174,34.288115,01010300010002,0
108.887229,34.288379,01010300010004,0
108.887284,34.288642,01010300010006,0
108.887339,34.288906,01010300010008,0
108.887394,34.28917,01010300010010,0
108.887449,34.289433,01010300010012,0
108.887504,34.289697,01010300010014,0
108.88756,34.28996,01010300010016,0
108.887615,34.290224,01010300010018,0
108.887671,34.290487,01010300010020,0
108.887726,34.29075,01010300010022,0
108.887782,34.291014,01010300010024,0
108.887837,34.291277,01010300010026,0
108.887894,34.29154,01010300010028,0
108.887951,34.291803,01010300010030,0
108.888008,34.292067,01010300010032,0
108.888065,34.29233,01010300010034,0
108.888123,34.292593,01010300010036,0
108.88818,34.292856,01010300010038,0
108.888237,34.293119,01010300010040,0
108.888294,34.293382,01010300010042,0
108.888351,34.293645,01010300010044,0
108.888428,34.293903,01010300010046,0
108.888511,34.294159,01010300010048,0
108.888595,34.294415,01010300010050,0
108.888688,34.294667,01010300010052,0
108.888786,34.294918,01010300010054,0
108.888884,34.295169,01010300010056,0
108.888982,34.29542,01010300010058,0
108.889117,34.295649,01010300010060,0
108.889288,34.295857,01010300010062,0
108.889459,34.296065,01010300010064,0
108.889664,34.296238,01010300010066,0
108.889873,34.296408,01010300010068,0
108.890088,34.296568,01010300010070,0
108.89031,34.29672,01010300010072,0
108.89054,34.296858,01010300010074,0
108.890785,34.29697,01010300010076,0
108.891029,34.297081,01010300010078,0
108.891276,34.297187,01010300010080,0
108.891539,34.297242,01010300010082,0
108.891802,34.297296,01010300010084,0
108.892065,34.297351,01010300010086,0
108.892334,34.297354,01010300010088,0
108.892602,34.297356,01010300010090,0
108.892871,34.297358,01010300010092,0
108.89314,34.29736,01010300010094,0
108.893409,34.297361,01010300010096,0
108.893677,34.297363,01010300010098,0
108.893946,34.297364,01010300010100,0
108.894215,34.297366,01010300010102,0
108.894484,34.297367,01010300010104,0
108.894753,34.297369,01010300010106,0
108.895021,34.29737,01010300010108,0
108.89529,34.297371,01010300010110,0
108.895559,34.297372,01010300010112,0
108.895828,34.297373,01010300010114,0
108.896097,34.297374,01010300010116,0
108.896366,34.297375,01010300010118,0
108.896635,34.297376,01010300010120,0
108.896904,34.297377,01010300010122,0
108.897173,34.297377,01010300010124,0
108.897442,34.297378,01010300010126,0
108.897711,34.297379,01010300010128,0
108.89798,34.297379,01010300010130,0
108.898249,34.29738,01010300010132,0
108.898518,34.29738,01010300010134,0
108.898787,34.29738,01010300010136,0
108.899056,34.29738,01010300010138,0
108.899324,34.297384,01010300010140,0
108.899592,34.297401,01010300010142,0
108.899861,34.297417,01010300010144,0
108.900129,34.297433,01010300010146,0
108.900398,34.29745,01010300010148,0
108.900667,34.297466,01010300010150,0
108.900935,34.297482,01010300010152,0
108.901204,34.297498,01010300010154,0
108.901473,34.297514,01010300010156,0
108.901741,34.297533,01010300010158,0
108.902009,34.297554,01010300010160,0
108.902277,34.297575,01010300010162,0
108.902546,34.297596,01010300010164,0
108.902814,34.297616,01010300010166,0
108.903082,34.297637,01010300010168,0
108.903351,34.297658,01010300010170,0
108.903619,34.297679,01010300010172,0
108.903888,34.297699,01010300010174,0
108.904156,34.29772,01010300010176,0
108.904424,34.29774,01010300010178,0
108.904693,34.29776,01010300010180,0
108.904961,34.297781,01010300010182,0
108.90523,34.297801,01010300010184,0
108.905498,34.297821,01010300010186,0
108.905767,34.297841,01010300010188,0
108.906035,34.297861,01010300010190,0
108.906304,34.297881,01010300010192,0
108.906572,34.297901,01010300010194,0
108.906841,34.297921,01010300010196,0
108.907109,34.297941,01010300010198,0
108.907378,34.297961,01010300010200,0
108.907647,34.297981,01010300010202,0
108.907915,34.298,01010300010204,0
108.908183,34.29802,01010300010206,0
108.908452,34.298038,01010300010208,0
108.908721,34.298057,01010300010210,0
108.908989,34.298075,01010300010212,0
108.909258,34.298093,01010300010214,0
108.909527,34.298111,01010300010216,0
108.909796,34.298129,01010300010218,0
108.910064,34.298147,01010300010220,0
108.910333,34.298165,01010300010222,0
108.910602,34.298183,01010300010224,0
108.910871,34.298201,01010300010226,0
108.91114,34.298219,01010300010228,0
108.911409,34.298237,01010300010230,0
108.911677,34.298255,01010300010232,0
108.911946,34.298272,01010300010234,0
108.912215,34.29829,01010300010236,0
108.912484,34.298308,01010300010238,0
108.912753,34.298325,01010300010240,0
108.913022,34.298343,01010300010242,0
108.913291,34.29836,01010300010244,0
108.913554,34.298408,01010300010246,0
108.913813,34.298478,01010300010248,0
108.914072,34.298549,01010300010250,0
108.914308,34.29867,01010300010252,0
108.914535,34.298812,01010300010254,0
108.914763,34.298953,01010300010256,0
108.91499,34.299095,01010300010258,0
108.915185,34.299272,01010300010260,0
108.915356,34.299477,01010300010262,0
108.915528,34.299682,01010300010264,0
108.9157,34.299887,01010300010266,0
108.915795,34.300134,01010300010268,0
108.915879,34.300388,01010300010270,0
108.915963,34.300642,01010300010272,0
108.916,34.300905,01010300010274,0
108.916018,34.301173,01010300010276,0
108.916037,34.301441,01010300010278,0
108.916055,34.301709,01010300010280,0
108.916073,34.301977,01010300010282,0
108.916092,34.302245,01010300010284,0
108.91611,34.302513,01010300010286,0
108.916128,34.302781,01010300010288,0
108.916147,34.303049,01010300010290,0
108.916165,34.303316,01010300010292,0
108.916183,34.303584,01010300010294,0
108.916202,34.303852,01010300010296,0
108.91622,34.30412,01010300010298,0
108.916238,34.304388,01010300010300,0
108.916257,34.304656,01010300010302,0
108.916275,34.304924,01010300010304,0
108.916293,34.305192,01010300010306,0
108.916312,34.30546,01010300010308,0
108.91633,34.305728,01010300010310,0
108.916348,34.305995,01010300010312,0
108.916367,34.306263,01010300010314,0
108.916385,34.306531,01010300010316,0
108.916403,34.306798,01010300010318,0
108.916421,34.307066,01010300010320,0
108.916438,34.307334,01010300010322,0
108.916456,34.307602,01010300010324,0
108.916473,34.30787,01010300010326,0
108.916491,34.308138,01010300010328,0
108.916508,34.308406,01010300010330,0
108.916526,34.308674,01010300010332,0
108.916544,34.308942,01010300010334,0
108.916585,34.309205,01010300010336,0
108.916653,34.309464,01010300010338,0
108.916725,34.309721,01010300010340,0
108.916851,34.309956,01010300010342,0
108.916977,34.310192,01010300010344,0
108.917125,34.31041,01010300010346,0
108.917326,34.310586,01010300010348,0
108.917528,34.310758,01010300010350,0
108.917752,34.310904,01010300010352,0
108.917976,34.311049,01010300010354,0
108.918223,34.311151,01010300010356,0
108.918474,34.311245,01010300010358,0
108.918727,34.311334,01010300010360,0
108.918992,34.311378,01010300010362,0
108.919258,34.311422,01010300010364,0
108.919526,34.311439,01010300010366,0
108.919796,34.311444,01010300010368,0
108.920065,34.311448,01010300010370,0
108.920335,34.311453,01010300010372,0
108.920605,34.311458,01010300010374,0
108.920874,34.311462,01010300010376,0
108.921144,34.311467,01010300010378,0
108.921414,34.311471,01010300010380,0
108.921684,34.311476,01010300010382,0
108.921953,34.31148,01010300010384,0
108.922223,34.311485,01010300010386,0
108.922493,34.311489,01010300010388,0
108.922762,34.311493,01010300010390,0
108.923031,34.311493,01010300010392,0
108.923301,34.311493,01010300010394,0
108.923571,34.311493,01010300010396,0
108.923841,34.311494,01010300010398,0
108.924111,34.311494,01010300010400,0
108.924381,34.311494,01010300010402,0
108.92465,34.311494,01010300010404,0
108.92492,34.311494,01010300010406,0
108.92519,34.311494,01010300010408,0
108.92546,34.311495,01010300010410,0
108.92573,34.311495,01010300010412,0
108.925999,34.311495,01010300010414,0
108.926269,34.311495,01010300010416,0
108.926539,34.311495,01010300010418,0
108.926809,34.311495,01010300010420,0
108.927079,34.311496,01010300010422,0
108.927348,34.311496,01010300010424,0
108.927618,34.311496,01010300010426,0
108.927888,34.311496,01010300010428,0
108.928158,34.311496,01010300010430,0
108.928428,34.311496,01010300010432,0
108.928697,34.311497,01010300010434,0
108.928967,34.311497,01010300010436,0
108.929237,34.311497,01010300010438,0
108.929506,34.311497,01010300010440,0
108.929776,34.311498,01010300010442,0
108.930046,34.311498,01010300010444,0
108.930316,34.311498,01010300010446,0
108.930585,34.311498,01010300010448,0
108.930855,34.311499,01010300010450,0
108.931125,34.311499,01010300010452,0
108.931394,34.311499,01010300010454,0
108.931664,34.3115,01010300010456,0
108.931934,34.3115,01010300010458,0
108.932203,34.3115,01010300010460,0
108.932473,34.311501,01010300010462,0
108.932742,34.311501,01010300010464,0
108.933012,34.311501,01010300010466,0
108.933282,34.311502,01010300010468,0
108.933551,34.3115,01010300010470,0
108.933821,34.311499,01010300010472,0
108.93409,34.311497,01010300010474,0
108.93436,34.311496,01010300010476,0
108.93463,34.311494,01010300010478,0
108.934899,34.311492,01010300010480,0
108.935169,34.311491,01010300010482,0
108.935438,34.311489,01010300010484,0
108.935708,34.311488,01010300010486,0
108.935977,34.311486,01010300010488,0
108.936247,34.311485,01010300010490,0
108.936516,34.311484,01010300010492,0
108.936786,34.311482,01010300010494,0
108.937055,34.311481,01010300010496,0
108.937324,34.31148,01010300010498,0
108.937594,34.311478,01010300010500,0
108.937863,34.311477,01010300010502,0
108.938133,34.311476,01010300010504,0
108.938402,34.311475,01010300010506,0
108.938671,34.311474,01010300010508,0
108.938941,34.311473,01010300010510,0
108.93921,34.311472,01010300010512,0
108.939479,34.311471,01010300010514,0
108.939748,34.31147,01010300010516,0
108.940018,34.311469,01010300010518,0
108.940287,34.311468,01010300010520,0
108.940556,34.311467,01010300010522,0
108.940825,34.311466,01010300010524,0
108.941095,34.311465,01010300010526,0
108.941364,34.311465,01010300010528,0
108.941633,34.311464,01010300010530,0
108.941902,34.311464,01010300010532,0
108.942171,34.311463,01010300010534,0
108.94244,34.311462,01010300010536,0
108.942709,34.311462,01010300010538,0
108.942978,34.311462,01010300010540,0
108.943247,34.311461,01010300010542,0
108.943516,34.311461,01010300010544,0
108.943785,34.311461,01010300010546,0
108.944054,34.31146,01010300010548,0
108.944323,34.31146,01010300010550,0
108.944592,34.31146,01010300010552,0
108.944861,34.31146,01010300010554,0
108.94513,34.31146,01010300010556,0
108.945399,34.31146,01010300010558,0
108.945668,34.31146,01010300010560,0
108.945937,34.31146,01010300010562,0
108.946205,34.311461,01010300010564,0
108.946474,34.311461,01010300010566,0
108.946743,34.311461,01010300010568,0
108.947012,34.311462,01010300010570,0
108.94728,34.311462,01010300010572,0
108.947549,34.311463,01010300010574,0
108.947818,34.311463,01010300010576,0
108.948086,34.311464,01010300010578,0
108.948355,34.311464,01010300010580,0
108.948624,34.311465,01010300010582,0
108.948892,34.311466,01010300010584,0
108.949161,34.311467,01010300010586,0
108.949429,34.311467,01010300010588,0
108.949698,34.311465,01010300010590,0
108.949966,34.311464,01010300010592,0
108.950235,34.311463,01010300010594,0
108.950503,34.311461,01010300010596,0
108.950772,34.31146,01010300010598,0
108.95104,34.311459,01010300010600,0
108.951309,34.311458,01010300010602,0
108.951577,34.311457,01010300010604,0
108.951846,34.311456,01010300010606,0
108.952114,34.311455,01010300010608,0
108.952382,34.311454,01010300010610,0
108.95265,34.311454,01010300010612,0
108.952919,34.311453,01010300010614,0
108.953187,34.311452,01010300010616,0
108.953455,34.311452,01010300010618,0
108.953723,34.311451,01010300010620,0
108.953992,34.311451,01010300010622,0
108.95426,34.31145,01010300010624,0
108.954528,34.31145,01010300010626,0
108.954796,34.31145,01010300010628,0
108.955064,34.311449,01010300010630,0
108.955332,34.311449,01010300010632,0
108.9556,34.311449,01010300010634,0
108.955868,34.311449,01010300010636,0
108.956136,34.311449,01010300010638,0
108.956404,34.311449,01010300010640,0
108.956672,34.31145,01010300010642,0
108.95694,34.31145,01010300010644,0
108.957208,34.31145,01010300010646,0
108.957476,34.31145,01010300010648,0
108.957744,34.311451,01010300010650,0
108.958012,34.311451,01010300010652,0
108.958279,34.311452,01010300010654,0
108.958547,34.311453,01010300010656,0
108.958815,34.311453,01010300010658,0
108.959083,34.311454,01010300010660,0
108.95935,34.311455,01010300010662,0
108.959618,34.311456,01010300010664,0
108.959886,34.311457,01010300010666,0
108.960152,34.311455,01010300010668,0
108.96042,34.311453,01010300010670,0
108.960688,34.311451,01010300010672,0
108.960955,34.31145,01010300010674,0
108.961223,34.311448,01010300010676,0
108.96149,34.311446,01010300010678,0
108.961758,34.311445,01010300010680,0
108.962025,34.311443,01010300010682,0
108.962293,34.311442,01010300010684,0
108.96256,34.31144,01010300010686,0
108.962828,34.311439,01010300010688,0
108.963095,34.311438,01010300010690,0
108.963362,34.311436,01010300010692,0
108.96363,34.311435,01010300010694,0
108.963897,34.311434,01010300010696,0
108.964165,34.311433,01010300010698,0
108.964432,34.311432,01010300010700,0
108.964699,34.311431,01010300010702,0
108.964966,34.31143,01010300010704,0
108.965234,34.311429,01010300010706,0
108.965501,34.311429,01010300010708,0
108.965768,34.311428,01010300010710,0
108.966035,34.311427,01010300010712,0
108.966302,34.311427,01010300010714,0
108.96657,34.311426,01010300010716,0
108.966837,34.311426,01010300010718,0
108.967104,34.311425,01010300010720,0
108.967371,34.311425,01010300010722,0
108.967638,34.311424,01010300010724,0
108.967905,34.311424,01010300010726,0
108.968172,34.311424,01010300010728,0
108.968439,34.311424,01010300010730,0
108.968706,34.311423,01010300010732,0
108.968973,34.311423,01010300010734,0
108.96924,34.311423,01010300010736,0
108.969507,34.311423,01010300010738,0
108.969774,34.311423,01010300010740,0
108.970041,34.311423,01010300010742,0
108.970308,34.311424,01010300010744,0
108.970575,34.311424,01010300010746,0
108.970842,34.311424,01010300010748,0
108.971108,34.311425,01010300010750,0
108.971375,34.311427,01010300010752,0
108.971642,34.311429,01010300010754,0
108.971908,34.31143,01010300010756,0
108.972175,34.311432,01010300010758,0
108.972442,34.311434,01010300010760,0
108.972709,34.311436,01010300010762,0
108.972975,34.311438,01010300010764,0
108.973242,34.31144,01010300010766,0
108.973509,34.311442,01010300010768,0
108.973776,34.311444,01010300010770,0
108.974042,34.311446,01010300010772,0
108.974309,34.311448,01010300010774,0
108.974576,34.31145,01010300010776,0
108.974842,34.311452,01010300010778,0
108.975109,34.311454,01010300010780,0
108.975376,34.311457,01010300010782,0
108.975642,34.311459,01010300010784,0
108.975909,34.311461,01010300010786,0
108.976176,34.311464,01010300010788,0
108.976442,34.311466,01010300010790,0
108.976709,34.311468,01010300010792,0
108.976975,34.311471,01010300010794,0
108.977242,34.311473,01010300010796,0
108.977508,34.311476,01010300010798,0
108.977775,34.311478,01010300010800,0
108.978042,34.311481,01010300010802,0
108.978308,34.311483,01010300010804,0
108.978575,34.311486,01010300010806,0
108.978841,34.311488,01010300010808,0
108.979108,34.311491,01010300010810,0
108.979374,34.311493,01010300010812,0
108.979641,34.311496,01010300010814,0
108.979906,34.3115,01010300010816,0
108.980173,34.311506,01010300010818,0
108.980439,34.311511,01010300010820,0
108.980706,34.311517,01010300010822,0
108.980972,34.311523,01010300010824,0
108.981238,34.311528,01010300010826,0
108.981505,34.311534,01010300010828,0
108.981771,34.31154,01010300010830,0
108.982038,34.311546,01010300010832,0
108.982304,34.311551,01010300010834,0
108.982571,34.311557,01010300010836,0
108.982837,34.311563,01010300010838,0
108.983103,34.311569,01010300010840,0
108.98337,34.311575,01010300010842,0
108.983636,34.31158,01010300010844,0
108.983903,34.311586,01010300010846,0
108.984169,34.311592,01010300010848,0
108.984436,34.311598,01010300010850,0
108.984702,34.311604,01010300010852,0
108.984968,34.311609,01010300010854,0
108.985234,34.311617,01010300010856,0
108.9855,34.311634,01010300010858,0
108.985766,34.311651,01010300010860,0
108.986032,34.311665,01010300010862,0
108.986297,34.311679,01010300010864,0
108.986563,34.311698,01010300010866,0
108.986829,34.311716,01010300010868,0
108.987096,34.311728,01010300010870,0
108.987362,34.311739,01010300010872,0
108.987628,34.311751,01010300010874,0
108.987894,34.311762,01010300010876,0
108.988161,34.311774,01010300010878,0
108.988427,34.311785,01010300010880,0
108.988693,34.311796,01010300010882,0
108.98896,34.311808,01010300010884,0
108.989226,34.311819,01010300010886,0
108.989492,34.311831,01010300010888,0
108.989759,34.311842,01010300010890,0
108.990025,34.311853,01010300010892,0
108.990291,34.311865,01010300010894,0
108.990558,34.311876,01010300010896,0

